{
    "foreground_intensity_properties_per_channel": {
        "0": {
            "max": 3097.0,
            "mean": 405.3896179199219,
            "median": 248.0,
            "min": 0.0,
            "percentile_00_5": 55.0,
            "percentile_99_5": 1501.0,
            "std": 318.5042419433594
        },
        "1": {
            "max": 3815.0,
            "mean": 1446.834228515625,
            "median": 2065.0,
            "min": 0.0,
            "percentile_00_5": 27.0,
            "percentile_99_5": 2967.0,
            "std": 1014.325927734375
        },
        "2": {
            "max": 1477.0,
            "mean": 236.9052734375,
            "median": 154.0,
            "min": 0.0,
            "percentile_00_5": 11.0,
            "percentile_99_5": 841.0,
            "std": 185.07920837402344
        }
    },
    "median_relative_size_after_cropping": 0.9922317989502188,
    "shapes_after_crop": [
        [
            6,
            256,
            257
        ],
        [
            6,
            251,
            263
        ],
        [
            5,
            255,
            209
        ],
        [
            6,
            257,
            248
        ],
        [
            5,
            262,
            259
        ],
        [
            6,
            255,
            260
        ],
        [
            6,
            165,
            160
        ],
        [
            5,
            256,
            225
        ],
        [
            4,
            259,
            260
        ],
        [
            6,
            261,
            258
        ],
        [
            6,
            254,
            256
        ],
        [
            1,
            256,
            255
        ],
        [
            6,
            260,
            258
        ],
        [
            5,
            260,
            256
        ],
        [
            5,
            257,
            259
        ],
        [
            5,
            260,
            254
        ],
        [
            5,
            257,
            248
        ],
        [
            6,
            260,
            259
        ],
        [
            5,
            160,
            161
        ],
        [
            6,
            160,
            160
        ],
        [
            5,
            259,
            260
        ],
        [
            6,
            256,
            241
        ],
        [
            5,
            257,
            216
        ],
        [
            6,
            255,
            260
        ],
        [
            6,
            258,
            248
        ],
        [
            5,
            163,
            170
        ],
        [
            6,
            257,
            251
        ],
        [
            6,
            260,
            208
        ],
        [
            6,
            257,
            262
        ],
        [
            3,
            262,
            251
        ],
        [
            3,
            255,
            247
        ],
        [
            6,
            247,
            258
        ],
        [
            7,
            247,
            225
        ],
        [
            5,
            256,
            225
        ],
        [
            5,
            258,
            271
        ],
        [
            6,
            251,
            210
        ],
        [
            6,
            257,
            227
        ],
        [
            6,
            248,
            235
        ],
        [
            7,
            253,
            220
        ],
        [
            5,
            259,
            257
        ],
        [
            3,
            259,
            252
        ],
        [
            5,
            255,
            256
        ],
        [
            3,
            258,
            240
        ],
        [
            4,
            256,
            247
        ],
        [
            4,
            244,
            255
        ],
        [
            6,
            263,
            225
        ],
        [
            4,
            158,
            160
        ],
        [
            6,
            167,
            168
        ],
        [
            6,
            261,
            232
        ],
        [
            4,
            259,
            242
        ],
        [
            5,
            472,
            478
        ],
        [
            3,
            490,
            466
        ],
        [
            3,
            471,
            474
        ],
        [
            6,
            478,
            473
        ],
        [
            3,
            486,
            485
        ],
        [
            3,
            408,
            409
        ],
        [
            3,
            458,
            506
        ],
        [
            3,
            490,
            489
        ],
        [
            5,
            467,
            475
        ],
        [
            5,
            454,
            473
        ],
        [
            2,
            494,
            484
        ],
        [
            5,
            477,
            471
        ],
        [
            3,
            492,
            470
        ],
        [
            5,
            455,
            469
        ],
        [
            5,
            478,
            477
        ],
        [
            4,
            447,
            448
        ],
        [
            6,
            464,
            476
        ],
        [
            3,
            492,
            489
        ],
        [
            5,
            480,
            447
        ],
        [
            6,
            465,
            471
        ],
        [
            3,
            505,
            484
        ],
        [
            5,
            453,
            471
        ],
        [
            3,
            476,
            480
        ],
        [
            4,
            392,
            403
        ],
        [
            4,
            433,
            476
        ],
        [
            5,
            449,
            473
        ],
        [
            3,
            455,
            454
        ],
        [
            3,
            500,
            501
        ],
        [
            5,
            428,
            423
        ],
        [
            4,
            415,
            446
        ],
        [
            5,
            426,
            452
        ],
        [
            3,
            479,
            474
        ],
        [
            6,
            458,
            473
        ],
        [
            4,
            458,
            462
        ],
        [
            3,
            498,
            496
        ],
        [
            3,
            474,
            433
        ],
        [
            3,
            451,
            497
        ],
        [
            3,
            472,
            472
        ],
        [
            3,
            491,
            488
        ],
        [
            3,
            462,
            474
        ],
        [
            3,
            502,
            502
        ],
        [
            3,
            475,
            473
        ],
        [
            3,
            498,
            490
        ],
        [
            3,
            490,
            499
        ]
    ],